[
{
    "model": "blog.image",
    "pk": 3,
    "fields": {
        "image": "images/2015/4/551b17aeb9cf4f3fb4cfe4e0994de5f4.jpg",
        "name": "spring-fresh-blueberry-pie-header"
    }
},
{
    "model": "blog.image",
    "pk": 4,
    "fields": {
        "image": "images/2015/4/99b857a029b84857913e062cd8bd435a.jpg",
        "name": "banana-pancakes-header"
    }
},
{
    "model": "blog.image",
    "pk": 5,
    "fields": {
        "image": "images/2015/4/5399f026a78e48ffbafbd39afb301a28.jpg",
        "name": "taco-bowl-header"
    }
},
{
    "model": "blog.image",
    "pk": 6,
    "fields": {
        "image": "images/2015/4/1c42f767d88d417d9e63e8a99fe114d4.png",
        "name": "quinoa-taco-bake-header"
    }
},
{
    "model": "blog.image",
    "pk": 7,
    "fields": {
        "image": "images/2015/4/2f3fee1aa2a946abb5682e0c1d4a2a3f.jpg",
        "name": "big-boy-cake-header"
    }
},
{
    "model": "blog.post",
    "pk": 3,
    "fields": {
        "slug": "springtime-fresh-blueberry-pie",
        "written_on": "2015-04-18T23:09:08.203Z",
        "title": "Springtime Fresh Blueberry Pie",
        "body": "It's great.",
        "published": true,
        "type": "FOOD",
        "images": [],
        "edited_on": "2015-04-18T23:09:08.203Z",
        "header_image": 3
    }
},
{
    "model": "blog.post",
    "pk": 4,
    "fields": {
        "slug": "healthy-banana-pancakes",
        "written_on": "2015-04-18T23:20:54.378Z",
        "title": "Healthy Banana Pancakes",
        "body": "These are great.",
        "published": true,
        "type": "FOOD",
        "images": [],
        "edited_on": "2015-04-18T23:20:54.378Z",
        "header_image": 4
    }
},
{
    "model": "blog.post",
    "pk": 5,
    "fields": {
        "slug": "taco-bowls",
        "written_on": "2015-04-18T23:30:55.496Z",
        "title": "Taco Bowls",
        "body": "They're great.",
        "published": true,
        "type": "FOOD",
        "images": [],
        "edited_on": "2015-04-18T23:30:55.496Z",
        "header_image": 5
    }
},
{
    "model": "blog.post",
    "pk": 6,
    "fields": {
        "slug": "quinoa-taco-bake",
        "written_on": "2015-04-18T23:35:03.502Z",
        "title": "Quinoa Taco Bake",
        "body": "It's great.",
        "published": true,
        "type": "FOOD",
        "images": [],
        "edited_on": "2015-04-18T23:35:03.502Z",
        "header_image": 6
    }
},
{
    "model": "blog.post",
    "pk": 7,
    "fields": {
        "slug": "big-boy-cake",
        "written_on": "2015-04-19T17:58:55.050Z",
        "title": "Big Boy Cake",
        "body": "This is an **incredible** cake, but sorry ladies -- it's for big boys only.",
        "published": true,
        "type": "FOOD",
        "images": [],
        "edited_on": "2015-04-19T17:58:55.050Z",
        "header_image": 7
    }
},
{
    "model": "blog.ingredient",
    "pk": 6,
    "fields": {
        "name": "butter"
    }
},
{
    "model": "blog.ingredient",
    "pk": 7,
    "fields": {
        "name": "flour"
    }
},
{
    "model": "blog.ingredient",
    "pk": 8,
    "fields": {
        "name": "sugar"
    }
},
{
    "model": "blog.ingredient",
    "pk": 9,
    "fields": {
        "name": "blueberries"
    }
},
{
    "model": "blog.ingredient",
    "pk": 10,
    "fields": {
        "name": "lemon zest"
    }
},
{
    "model": "blog.ingredient",
    "pk": 11,
    "fields": {
        "name": "lemon juice"
    }
},
{
    "model": "blog.ingredient",
    "pk": 12,
    "fields": {
        "name": "banana"
    }
},
{
    "model": "blog.ingredient",
    "pk": 13,
    "fields": {
        "name": "oats"
    }
},
{
    "model": "blog.ingredient",
    "pk": 14,
    "fields": {
        "name": "baking powder"
    }
},
{
    "model": "blog.ingredient",
    "pk": 15,
    "fields": {
        "name": "chicken"
    }
},
{
    "model": "blog.ingredient",
    "pk": 16,
    "fields": {
        "name": "brown rice"
    }
},
{
    "model": "blog.ingredient",
    "pk": 18,
    "fields": {
        "name": "lime"
    }
},
{
    "model": "blog.ingredient",
    "pk": 19,
    "fields": {
        "name": "cilantro"
    }
},
{
    "model": "blog.ingredient",
    "pk": 20,
    "fields": {
        "name": "black beans"
    }
},
{
    "model": "blog.ingredient",
    "pk": 21,
    "fields": {
        "name": "chipotle peppers"
    }
},
{
    "model": "blog.ingredient",
    "pk": 22,
    "fields": {
        "name": "tomato"
    }
},
{
    "model": "blog.ingredient",
    "pk": 23,
    "fields": {
        "name": "onion"
    }
},
{
    "model": "blog.ingredient",
    "pk": 24,
    "fields": {
        "name": "jalapeno"
    }
},
{
    "model": "blog.ingredient",
    "pk": 25,
    "fields": {
        "name": "salt"
    }
},
{
    "model": "blog.ingredient",
    "pk": 26,
    "fields": {
        "name": "pepper"
    }
},
{
    "model": "blog.ingredient",
    "pk": 27,
    "fields": {
        "name": "red quinoa"
    }
},
{
    "model": "blog.ingredient",
    "pk": 29,
    "fields": {
        "name": "vanilla extract"
    }
},
{
    "model": "blog.mealtype",
    "pk": 3,
    "fields": {
        "name": "dessert"
    }
},
{
    "model": "blog.mealtype",
    "pk": 4,
    "fields": {
        "name": "breakfast"
    }
},
{
    "model": "blog.mealtype",
    "pk": 5,
    "fields": {
        "name": "dinner"
    }
},
{
    "model": "blog.diet",
    "pk": 4,
    "fields": {
        "name": "Vegetarian"
    }
},
{
    "model": "blog.recipe",
    "pk": 3,
    "fields": {
        "name": "Springtime Fresh Blueberry Pie",
        "diets": [
            4
        ],
        "instructions": "Mix it up and cook it pie-style.",
        "cook_time": 25,
        "meal_type": 3,
        "ingredients_text": "- 4 tablespoons butter\r\n- 1 cup flour\r\n- 1/2 cup sugar\r\n- 1 cup blueberries\r\n- 1 tablespoon lemon zest\r\n- 2 tablespoons lemon juice",
        "description": "It's so good.",
        "season": "SPR",
        "prep_time": 45,
        "post": 3,
        "ingredients": [
            6,
            7,
            8,
            9,
            10,
            11
        ],
        "calories": 1000,
        "created_at": "2015-04-18T23:12:10.847Z"
    }
},
{
    "model": "blog.recipe",
    "pk": 4,
    "fields": {
        "name": "Healthy Banana Pancakes",
        "diets": [
            4
        ],
        "instructions": "- Mix and cook.",
        "cook_time": 15,
        "meal_type": 4,
        "ingredients_text": "- 2 bananas\r\n- 1/4 cup oats\r\n- baking powder\r\n",
        "description": "They're great.",
        "season": "ANY",
        "prep_time": 15,
        "post": 4,
        "ingredients": [
            12,
            13,
            14
        ],
        "calories": 500,
        "created_at": "2015-04-18T23:29:28.677Z"
    }
},
{
    "model": "blog.recipe",
    "pk": 5,
    "fields": {
        "name": "Taco Bowls",
        "diets": [],
        "instructions": "Mix and cook.",
        "cook_time": 30,
        "meal_type": 5,
        "ingredients_text": "- 1lb chicken\r\n- 2 cups cooked brown rice\r\n- 2 limes\r\n- cilantro\r\n- 1/2 cup black beans\r\n- chipotle peppers\r\n- tomato\r\n- onion\r\n- jalapeno\r\n- salt\r\n- pepper",
        "description": "They're great.",
        "season": "SUM",
        "prep_time": 15,
        "post": 5,
        "ingredients": [
            15,
            16,
            18,
            19,
            20,
            21,
            22,
            23,
            24,
            25,
            26
        ],
        "calories": 400,
        "created_at": "2015-04-18T23:33:41.251Z"
    }
},
{
    "model": "blog.recipe",
    "pk": 6,
    "fields": {
        "name": "Quinoa Taco Bake",
        "diets": [],
        "instructions": "Mix and cook.",
        "cook_time": 30,
        "meal_type": 5,
        "ingredients_text": "- red quinoa\r\n- chicken\r\n- chipotle peppers\r\n- onion\r\n- red bell pepper\r\n",
        "description": "It's great.",
        "season": "SUM",
        "prep_time": 15,
        "post": 6,
        "ingredients": [
            15,
            20,
            21,
            26,
            27
        ],
        "calories": 1000,
        "created_at": "2015-04-18T23:36:45.886Z"
    }
},
{
    "model": "blog.recipe",
    "pk": 7,
    "fields": {
        "name": "Big Boy Cake",
        "diets": [],
        "instructions": "- Mix and cook.",
        "cook_time": 60,
        "meal_type": 3,
        "ingredients_text": "- 1 cup flour\r\n- 1/2 cup sugar\r\n- 2 teaspoons baking soda\r\n- 1 teaspoon vanilla\r\n- 3 eggs\r\n- 2 tablespoons butter",
        "description": "A succulent cake. Note: for big boys only.",
        "season": "ANY",
        "prep_time": 30,
        "post": 7,
        "ingredients": [
            6,
            7,
            8,
            14,
            25,
            29
        ],
        "calories": 1000,
        "created_at": "2015-04-19T18:00:40.599Z"
    }
}
]
